/*
SQLyog Ultimate v12.09 (64 bit)
MySQL - 5.7.28 : Database - ruiwen
*********************************************************************
*/


/*!40101 SET NAMES utf8 */;

/*!40101 SET SQL_MODE=''*/;

/*!40014 SET @OLD_UNIQUE_CHECKS=@@UNIQUE_CHECKS, UNIQUE_CHECKS=0 */;
/*!40014 SET @OLD_FOREIGN_KEY_CHECKS=@@FOREIGN_KEY_CHECKS, FOREIGN_KEY_CHECKS=0 */;
/*!40101 SET @OLD_SQL_MODE=@@SQL_MODE, SQL_MODE='NO_AUTO_VALUE_ON_ZERO' */;
/*!40111 SET @OLD_SQL_NOTES=@@SQL_NOTES, SQL_NOTES=0 */;
CREATE DATABASE /*!32312 IF NOT EXISTS*/`ruiwen` /*!40100 DEFAULT CHARACTER SET utf8 */;

USE `ruiwen`;

/*Table structure for table `q_feedback` */

DROP TABLE IF EXISTS `q_feedback`;

CREATE TABLE `q_feedback` (
  `fid` bigint(20) NOT NULL AUTO_INCREMENT,
  `fcontent` varchar(200) NOT NULL,
  `feamil` varchar(40) NOT NULL,
  PRIMARY KEY (`fid`)
) ENGINE=InnoDB AUTO_INCREMENT=4 DEFAULT CHARSET=utf8mb4;

/*Data for the table `q_feedback` */

insert  into `q_feedback`(`fid`,`fcontent`,`feamil`) values (1,'擦速度测试从','12121212@131.com'),(2,'测试bg','1231@163.com'),(3,'成都市成都市多吃蔬菜是','1232133414@188.com');

/*Table structure for table `q_opts` */

DROP TABLE IF EXISTS `q_opts`;

CREATE TABLE `q_opts` (
  `oid` int(11) NOT NULL AUTO_INCREMENT,
  `odes` varbinary(100) NOT NULL,
  `oqid` int(11) NOT NULL,
  PRIMARY KEY (`oid`),
  KEY `fk_oqid_qid` (`oqid`),
  CONSTRAINT `fk_oqid_qid` FOREIGN KEY (`oqid`) REFERENCES `q_topic` (`qid`) ON DELETE CASCADE ON UPDATE CASCADE
) ENGINE=InnoDB AUTO_INCREMENT=361 DEFAULT CHARSET=utf8mb4;

/*Data for the table `q_opts` */

insert  into `q_opts`(`oid`,`odes`,`oqid`) values (1,'http://127.0.0.1:8080/images/options/a11.jpg',1),(2,'http://127.0.0.1:8080/images/options/a12.jpg',1),(3,'http://127.0.0.1:8080/images/options/a13.jpg',1),(4,'http://127.0.0.1:8080/images/options/a14.jpg',1),(5,'http://127.0.0.1:8080/images/options/a15.jpg',1),(6,'http://127.0.0.1:8080/images/options/a16.jpg',1),(7,'http://127.0.0.1:8080/images/options/a21.jpg',2),(8,'http://127.0.0.1:8080/images/options/a22.jpg',2),(9,'http://127.0.0.1:8080/images/options/a23.jpg',2),(10,'http://127.0.0.1:8080/images/options/a24.jpg',2),(11,'http://127.0.0.1:8080/images/options/a25.jpg',2),(12,'http://127.0.0.1:8080/images/options/a26.jpg',2),(13,'http://127.0.0.1:8080/images/options/a31.jpg',3),(14,'http://127.0.0.1:8080/images/options/a32.jpg',3),(15,'http://127.0.0.1:8080/images/options/a33.jpg',3),(16,'http://127.0.0.1:8080/images/options/a34.jpg',3),(17,'http://127.0.0.1:8080/images/options/a35.jpg',3),(18,'http://127.0.0.1:8080/images/options/a36.jpg',3),(19,'http://127.0.0.1:8080/images/options/a41.jpg',4),(20,'http://127.0.0.1:8080/images/options/a42.jpg',4),(21,'http://127.0.0.1:8080/images/options/a43.jpg',4),(22,'http://127.0.0.1:8080/images/options/a44.jpg',4),(23,'http://127.0.0.1:8080/images/options/a45.jpg',4),(24,'http://127.0.0.1:8080/images/options/a46.jpg',4),(25,'http://127.0.0.1:8080/images/options/a51.jpg',5),(26,'http://127.0.0.1:8080/images/options/a52.jpg',5),(27,'http://127.0.0.1:8080/images/options/a53.jpg',5),(28,'http://127.0.0.1:8080/images/options/a54.jpg',5),(29,'http://127.0.0.1:8080/images/options/a55.jpg',5),(30,'http://127.0.0.1:8080/images/options/a56.jpg',5),(31,'http://127.0.0.1:8080/images/options/a61.jpg',6),(32,'http://127.0.0.1:8080/images/options/a62.jpg',6),(33,'http://127.0.0.1:8080/images/options/a63.jpg',6),(34,'http://127.0.0.1:8080/images/options/a64.jpg',6),(35,'http://127.0.0.1:8080/images/options/a65.jpg',6),(36,'http://127.0.0.1:8080/images/options/a66.jpg',6),(37,'http://127.0.0.1:8080/images/options/a71.jpg',7),(38,'http://127.0.0.1:8080/images/options/a72.jpg',7),(39,'http://127.0.0.1:8080/images/options/a73.jpg',7),(40,'http://127.0.0.1:8080/images/options/a74.jpg',7),(41,'http://127.0.0.1:8080/images/options/a75.jpg',7),(42,'http://127.0.0.1:8080/images/options/a76.jpg',7),(43,'http://127.0.0.1:8080/images/options/a81.jpg',8),(44,'http://127.0.0.1:8080/images/options/a82.jpg',8),(45,'http://127.0.0.1:8080/images/options/a83.jpg',8),(46,'http://127.0.0.1:8080/images/options/a84.jpg',8),(47,'http://127.0.0.1:8080/images/options/a85.jpg',8),(48,'http://127.0.0.1:8080/images/options/a86.jpg',8),(49,'http://127.0.0.1:8080/images/options/a91.jpg',9),(50,'http://127.0.0.1:8080/images/options/a92.jpg',9),(51,'http://127.0.0.1:8080/images/options/a93.jpg',9),(52,'http://127.0.0.1:8080/images/options/a94.jpg',9),(53,'http://127.0.0.1:8080/images/options/a95.jpg',9),(54,'http://127.0.0.1:8080/images/options/a96.jpg',9),(55,'http://127.0.0.1:8080/images/options/a101.jpg',10),(56,'http://127.0.0.1:8080/images/options/a102.jpg',10),(57,'http://127.0.0.1:8080/images/options/a103.jpg',10),(58,'http://127.0.0.1:8080/images/options/a104.jpg',10),(59,'http://127.0.0.1:8080/images/options/a105.jpg',10),(60,'http://127.0.0.1:8080/images/options/a106.jpg',10),(61,'http://127.0.0.1:8080/images/options/a111.jpg',11),(62,'http://127.0.0.1:8080/images/options/a112.jpg',11),(63,'http://127.0.0.1:8080/images/options/a113.jpg',11),(64,'http://127.0.0.1:8080/images/options/a114.jpg',11),(65,'http://127.0.0.1:8080/images/options/a115.jpg',11),(66,'http://127.0.0.1:8080/images/options/a116.jpg',11),(67,'http://127.0.0.1:8080/images/options/a121.jpg',12),(68,'http://127.0.0.1:8080/images/options/a122.jpg',12),(69,'http://127.0.0.1:8080/images/options/a123.jpg',12),(70,'http://127.0.0.1:8080/images/options/a124.jpg',12),(71,'http://127.0.0.1:8080/images/options/a125.jpg',12),(72,'http://127.0.0.1:8080/images/options/a126.jpg',12),(73,'http://127.0.0.1:8080/images/options/b11.jpg',13),(74,'http://127.0.0.1:8080/images/options/b12.jpg',13),(75,'http://127.0.0.1:8080/images/options/b13.jpg',13),(76,'http://127.0.0.1:8080/images/options/b14.jpg',13),(77,'http://127.0.0.1:8080/images/options/b15.jpg',13),(78,'http://127.0.0.1:8080/images/options/b16.jpg',13),(79,'http://127.0.0.1:8080/images/options/b21.jpg',14),(80,'http://127.0.0.1:8080/images/options/b22.jpg',14),(81,'http://127.0.0.1:8080/images/options/b23.jpg',14),(82,'http://127.0.0.1:8080/images/options/b24.jpg',14),(83,'http://127.0.0.1:8080/images/options/b25.jpg',14),(84,'http://127.0.0.1:8080/images/options/b26.jpg',14),(85,'http://127.0.0.1:8080/images/options/b31.jpg',15),(86,'http://127.0.0.1:8080/images/options/b32.jpg',15),(87,'http://127.0.0.1:8080/images/options/b33.jpg',15),(88,'http://127.0.0.1:8080/images/options/b34.jpg',15),(89,'http://127.0.0.1:8080/images/options/b35.jpg',15),(90,'http://127.0.0.1:8080/images/options/b36.jpg',15),(91,'http://127.0.0.1:8080/images/options/b41.jpg',16),(92,'http://127.0.0.1:8080/images/options/b42.jpg',16),(93,'http://127.0.0.1:8080/images/options/b43.jpg',16),(94,'http://127.0.0.1:8080/images/options/b44.jpg',16),(95,'http://127.0.0.1:8080/images/options/b45.jpg',16),(96,'http://127.0.0.1:8080/images/options/b46.jpg',16),(97,'http://127.0.0.1:8080/images/options/b51.jpg',17),(98,'http://127.0.0.1:8080/images/options/b52.jpg',17),(99,'http://127.0.0.1:8080/images/options/b53.jpg',17),(100,'http://127.0.0.1:8080/images/options/b54.jpg',17),(101,'http://127.0.0.1:8080/images/options/b55.jpg',17),(102,'http://127.0.0.1:8080/images/options/b56.jpg',17),(103,'http://127.0.0.1:8080/images/options/b61.jpg',18),(104,'http://127.0.0.1:8080/images/options/b62.jpg',18),(105,'http://127.0.0.1:8080/images/options/b63.jpg',18),(106,'http://127.0.0.1:8080/images/options/b64.jpg',18),(107,'http://127.0.0.1:8080/images/options/b65.jpg',18),(108,'http://127.0.0.1:8080/images/options/b66.jpg',18),(109,'http://127.0.0.1:8080/images/options/b71.jpg',19),(110,'http://127.0.0.1:8080/images/options/b72.jpg',19),(111,'http://127.0.0.1:8080/images/options/b73.jpg',19),(112,'http://127.0.0.1:8080/images/options/b74.jpg',19),(113,'http://127.0.0.1:8080/images/options/b75.jpg',19),(114,'http://127.0.0.1:8080/images/options/b76.jpg',19),(115,'http://127.0.0.1:8080/images/options/b81.jpg',20),(116,'http://127.0.0.1:8080/images/options/b82.jpg',20),(117,'http://127.0.0.1:8080/images/options/b83.jpg',20),(118,'http://127.0.0.1:8080/images/options/b84.jpg',20),(119,'http://127.0.0.1:8080/images/options/b85.jpg',20),(120,'http://127.0.0.1:8080/images/options/b86.jpg',20),(121,'http://127.0.0.1:8080/images/options/b91.jpg',21),(122,'http://127.0.0.1:8080/images/options/b92.jpg',21),(123,'http://127.0.0.1:8080/images/options/b93.jpg',21),(124,'http://127.0.0.1:8080/images/options/b94.jpg',21),(125,'http://127.0.0.1:8080/images/options/b95.jpg',21),(126,'http://127.0.0.1:8080/images/options/b96.jpg',21),(127,'http://127.0.0.1:8080/images/options/b101.jpg',22),(128,'http://127.0.0.1:8080/images/options/b102.jpg',22),(129,'http://127.0.0.1:8080/images/options/b103.jpg',22),(130,'http://127.0.0.1:8080/images/options/b104.jpg',22),(131,'http://127.0.0.1:8080/images/options/b105.jpg',22),(132,'http://127.0.0.1:8080/images/options/b106.jpg',22),(133,'http://127.0.0.1:8080/images/options/b111.jpg',23),(134,'http://127.0.0.1:8080/images/options/b112.jpg',23),(135,'http://127.0.0.1:8080/images/options/b113.jpg',23),(136,'http://127.0.0.1:8080/images/options/b114.jpg',23),(137,'http://127.0.0.1:8080/images/options/b115.jpg',23),(138,'http://127.0.0.1:8080/images/options/b116.jpg',23),(139,'http://127.0.0.1:8080/images/options/b121.jpg',24),(140,'http://127.0.0.1:8080/images/options/b122.jpg',24),(141,'http://127.0.0.1:8080/images/options/b123.jpg',24),(142,'http://127.0.0.1:8080/images/options/b124.jpg',24),(143,'http://127.0.0.1:8080/images/options/b125.jpg',24),(144,'http://127.0.0.1:8080/images/options/b126.jpg',24),(145,'http://127.0.0.1:8080/images/options/c11.jpg',25),(146,'http://127.0.0.1:8080/images/options/c12.jpg',25),(147,'http://127.0.0.1:8080/images/options/c13.jpg',25),(148,'http://127.0.0.1:8080/images/options/c14.jpg',25),(149,'http://127.0.0.1:8080/images/options/c15.jpg',25),(150,'http://127.0.0.1:8080/images/options/c16.jpg',25),(151,'http://127.0.0.1:8080/images/options/c21.jpg',26),(152,'http://127.0.0.1:8080/images/options/c22.jpg',26),(153,'http://127.0.0.1:8080/images/options/c23.jpg',26),(154,'http://127.0.0.1:8080/images/options/c24.jpg',26),(155,'http://127.0.0.1:8080/images/options/c25.jpg',26),(156,'http://127.0.0.1:8080/images/options/c26.jpg',26),(157,'http://127.0.0.1:8080/images/options/c31.jpg',27),(158,'http://127.0.0.1:8080/images/options/c32.jpg',27),(159,'http://127.0.0.1:8080/images/options/c33.jpg',27),(160,'http://127.0.0.1:8080/images/options/c34.jpg',27),(161,'http://127.0.0.1:8080/images/options/c35.jpg',27),(162,'http://127.0.0.1:8080/images/options/c36.jpg',27),(163,'http://127.0.0.1:8080/images/options/c41.jpg',28),(164,'http://127.0.0.1:8080/images/options/c42.jpg',28),(165,'http://127.0.0.1:8080/images/options/c43.jpg',28),(166,'http://127.0.0.1:8080/images/options/c44.jpg',28),(167,'http://127.0.0.1:8080/images/options/c45.jpg',28),(168,'http://127.0.0.1:8080/images/options/c46.jpg',28),(169,'http://127.0.0.1:8080/images/options/c51.jpg',29),(170,'http://127.0.0.1:8080/images/options/c52.jpg',29),(171,'http://127.0.0.1:8080/images/options/c53.jpg',29),(172,'http://127.0.0.1:8080/images/options/c54.jpg',29),(173,'http://127.0.0.1:8080/images/options/c55.jpg',29),(174,'http://127.0.0.1:8080/images/options/c56.jpg',29),(175,'http://127.0.0.1:8080/images/options/c61.jpg',30),(176,'http://127.0.0.1:8080/images/options/c62.jpg',30),(177,'http://127.0.0.1:8080/images/options/c63.jpg',30),(178,'http://127.0.0.1:8080/images/options/c64.jpg',30),(179,'http://127.0.0.1:8080/images/options/c65.jpg',30),(180,'http://127.0.0.1:8080/images/options/c66.jpg',30),(181,'http://127.0.0.1:8080/images/options/c71.jpg',31),(182,'http://127.0.0.1:8080/images/options/c72.jpg',31),(183,'http://127.0.0.1:8080/images/options/c73.jpg',31),(184,'http://127.0.0.1:8080/images/options/c74.jpg',31),(185,'http://127.0.0.1:8080/images/options/c75.jpg',31),(186,'http://127.0.0.1:8080/images/options/c76.jpg',31),(187,'http://127.0.0.1:8080/images/options/c81.jpg',32),(188,'http://127.0.0.1:8080/images/options/c82.jpg',32),(189,'http://127.0.0.1:8080/images/options/c83.jpg',32),(190,'http://127.0.0.1:8080/images/options/c84.jpg',32),(191,'http://127.0.0.1:8080/images/options/c85.jpg',32),(192,'http://127.0.0.1:8080/images/options/c86.jpg',32),(193,'http://127.0.0.1:8080/images/options/c91.jpg',33),(194,'http://127.0.0.1:8080/images/options/c92.jpg',33),(195,'http://127.0.0.1:8080/images/options/c93.jpg',33),(196,'http://127.0.0.1:8080/images/options/c94.jpg',33),(197,'http://127.0.0.1:8080/images/options/c95.jpg',33),(198,'http://127.0.0.1:8080/images/options/c96.jpg',33),(199,'http://127.0.0.1:8080/images/options/c101.jpg',34),(200,'http://127.0.0.1:8080/images/options/c102.jpg',34),(201,'http://127.0.0.1:8080/images/options/c103.jpg',34),(202,'http://127.0.0.1:8080/images/options/c104.jpg',34),(203,'http://127.0.0.1:8080/images/options/c105.jpg',34),(204,'http://127.0.0.1:8080/images/options/c106.jpg',34),(205,'http://127.0.0.1:8080/images/options/c111.jpg',35),(206,'http://127.0.0.1:8080/images/options/c112.jpg',35),(207,'http://127.0.0.1:8080/images/options/c113.jpg',35),(208,'http://127.0.0.1:8080/images/options/c114.jpg',35),(209,'http://127.0.0.1:8080/images/options/c115.jpg',35),(210,'http://127.0.0.1:8080/images/options/c116.jpg',35),(211,'http://127.0.0.1:8080/images/options/c121.jpg',36),(212,'http://127.0.0.1:8080/images/options/c122.jpg',36),(213,'http://127.0.0.1:8080/images/options/c123.jpg',36),(214,'http://127.0.0.1:8080/images/options/c124.jpg',36),(215,'http://127.0.0.1:8080/images/options/c125.jpg',36),(216,'http://127.0.0.1:8080/images/options/c126.jpg',36),(217,'http://127.0.0.1:8080/images/options/d11.jpg',37),(218,'http://127.0.0.1:8080/images/options/d12.jpg',37),(219,'http://127.0.0.1:8080/images/options/d13.jpg',37),(220,'http://127.0.0.1:8080/images/options/d14.jpg',37),(221,'http://127.0.0.1:8080/images/options/d15.jpg',37),(222,'http://127.0.0.1:8080/images/options/d16.jpg',37),(223,'http://127.0.0.1:8080/images/options/d21.jpg',38),(224,'http://127.0.0.1:8080/images/options/d22.jpg',38),(225,'http://127.0.0.1:8080/images/options/d23.jpg',38),(226,'http://127.0.0.1:8080/images/options/d24.jpg',38),(227,'http://127.0.0.1:8080/images/options/d25.jpg',38),(228,'http://127.0.0.1:8080/images/options/d26.jpg',38),(229,'http://127.0.0.1:8080/images/options/d31.jpg',39),(230,'http://127.0.0.1:8080/images/options/d32.jpg',39),(231,'http://127.0.0.1:8080/images/options/d33.jpg',39),(232,'http://127.0.0.1:8080/images/options/d34.jpg',39),(233,'http://127.0.0.1:8080/images/options/d35.jpg',39),(234,'http://127.0.0.1:8080/images/options/d36.jpg',39),(235,'http://127.0.0.1:8080/images/options/d41.jpg',40),(236,'http://127.0.0.1:8080/images/options/d42.jpg',40),(237,'http://127.0.0.1:8080/images/options/d43.jpg',40),(238,'http://127.0.0.1:8080/images/options/d44.jpg',40),(239,'http://127.0.0.1:8080/images/options/d45.jpg',40),(240,'http://127.0.0.1:8080/images/options/d46.jpg',40),(241,'http://127.0.0.1:8080/images/options/d51.jpg',41),(242,'http://127.0.0.1:8080/images/options/d52.jpg',41),(243,'http://127.0.0.1:8080/images/options/d53.jpg',41),(244,'http://127.0.0.1:8080/images/options/d54.jpg',41),(245,'http://127.0.0.1:8080/images/options/d55.jpg',41),(246,'http://127.0.0.1:8080/images/options/d56.jpg',41),(247,'http://127.0.0.1:8080/images/options/d61.jpg',42),(248,'http://127.0.0.1:8080/images/options/d62.jpg',42),(249,'http://127.0.0.1:8080/images/options/d63.jpg',42),(250,'http://127.0.0.1:8080/images/options/d64.jpg',42),(251,'http://127.0.0.1:8080/images/options/d65.jpg',42),(252,'http://127.0.0.1:8080/images/options/d66.jpg',42),(253,'http://127.0.0.1:8080/images/options/d71.jpg',43),(254,'http://127.0.0.1:8080/images/options/d72.jpg',43),(255,'http://127.0.0.1:8080/images/options/d73.jpg',43),(256,'http://127.0.0.1:8080/images/options/d74.jpg',43),(257,'http://127.0.0.1:8080/images/options/d75.jpg',43),(258,'http://127.0.0.1:8080/images/options/d76.jpg',43),(259,'http://127.0.0.1:8080/images/options/d81.jpg',44),(260,'http://127.0.0.1:8080/images/options/d82.jpg',44),(261,'http://127.0.0.1:8080/images/options/d83.jpg',44),(262,'http://127.0.0.1:8080/images/options/d84.jpg',44),(263,'http://127.0.0.1:8080/images/options/d85.jpg',44),(264,'http://127.0.0.1:8080/images/options/d86.jpg',44),(265,'http://127.0.0.1:8080/images/options/d91.jpg',45),(266,'http://127.0.0.1:8080/images/options/d92.jpg',45),(267,'http://127.0.0.1:8080/images/options/d93.jpg',45),(268,'http://127.0.0.1:8080/images/options/d94.jpg',45),(269,'http://127.0.0.1:8080/images/options/d95.jpg',45),(270,'http://127.0.0.1:8080/images/options/d96.jpg',45),(271,'http://127.0.0.1:8080/images/options/d101.jpg',46),(272,'http://127.0.0.1:8080/images/options/d102.jpg',46),(273,'http://127.0.0.1:8080/images/options/d103.jpg',46),(274,'http://127.0.0.1:8080/images/options/d104.jpg',46),(275,'http://127.0.0.1:8080/images/options/d105.jpg',46),(276,'http://127.0.0.1:8080/images/options/d106.jpg',46),(277,'http://127.0.0.1:8080/images/options/d111.jpg',47),(278,'http://127.0.0.1:8080/images/options/d112.jpg',47),(279,'http://127.0.0.1:8080/images/options/d113.jpg',47),(280,'http://127.0.0.1:8080/images/options/d114.jpg',47),(281,'http://127.0.0.1:8080/images/options/d115.jpg',47),(282,'http://127.0.0.1:8080/images/options/d116.jpg',47),(283,'http://127.0.0.1:8080/images/options/d121.jpg',48),(284,'http://127.0.0.1:8080/images/options/d122.jpg',48),(285,'http://127.0.0.1:8080/images/options/d123.jpg',48),(286,'http://127.0.0.1:8080/images/options/d124.jpg',48),(287,'http://127.0.0.1:8080/images/options/d125.jpg',48),(288,'http://127.0.0.1:8080/images/options/d126.jpg',48),(289,'http://127.0.0.1:8080/images/options/e11.jpg',49),(290,'http://127.0.0.1:8080/images/options/e12.jpg',49),(291,'http://127.0.0.1:8080/images/options/e13.jpg',49),(292,'http://127.0.0.1:8080/images/options/e14.jpg',49),(293,'http://127.0.0.1:8080/images/options/e15.jpg',49),(294,'http://127.0.0.1:8080/images/options/e16.jpg',49),(295,'http://127.0.0.1:8080/images/options/e21.jpg',50),(296,'http://127.0.0.1:8080/images/options/e22.jpg',50),(297,'http://127.0.0.1:8080/images/options/e23.jpg',50),(298,'http://127.0.0.1:8080/images/options/e24.jpg',50),(299,'http://127.0.0.1:8080/images/options/e25.jpg',50),(300,'http://127.0.0.1:8080/images/options/e26.jpg',50),(301,'http://127.0.0.1:8080/images/options/e31.jpg',51),(302,'http://127.0.0.1:8080/images/options/e32.jpg',51),(303,'http://127.0.0.1:8080/images/options/e33.jpg',51),(304,'http://127.0.0.1:8080/images/options/e34.jpg',51),(305,'http://127.0.0.1:8080/images/options/e35.jpg',51),(306,'http://127.0.0.1:8080/images/options/e36.jpg',51),(307,'http://127.0.0.1:8080/images/options/e41.jpg',52),(308,'http://127.0.0.1:8080/images/options/e42.jpg',52),(309,'http://127.0.0.1:8080/images/options/e43.jpg',52),(310,'http://127.0.0.1:8080/images/options/e44.jpg',52),(311,'http://127.0.0.1:8080/images/options/e45.jpg',52),(312,'http://127.0.0.1:8080/images/options/e46.jpg',52),(313,'http://127.0.0.1:8080/images/options/e51.jpg',53),(314,'http://127.0.0.1:8080/images/options/e52.jpg',53),(315,'http://127.0.0.1:8080/images/options/e53.jpg',53),(316,'http://127.0.0.1:8080/images/options/e54.jpg',53),(317,'http://127.0.0.1:8080/images/options/e55.jpg',53),(318,'http://127.0.0.1:8080/images/options/e56.jpg',53),(319,'http://127.0.0.1:8080/images/options/e61.jpg',54),(320,'http://127.0.0.1:8080/images/options/e62.jpg',54),(321,'http://127.0.0.1:8080/images/options/e63.jpg',54),(322,'http://127.0.0.1:8080/images/options/e64.jpg',54),(323,'http://127.0.0.1:8080/images/options/e65.jpg',54),(324,'http://127.0.0.1:8080/images/options/e66.jpg',54),(325,'http://127.0.0.1:8080/images/options/e71.jpg',55),(326,'http://127.0.0.1:8080/images/options/e72.jpg',55),(327,'http://127.0.0.1:8080/images/options/e73.jpg',55),(328,'http://127.0.0.1:8080/images/options/e74.jpg',55),(329,'http://127.0.0.1:8080/images/options/e75.jpg',55),(330,'http://127.0.0.1:8080/images/options/e76.jpg',55),(331,'http://127.0.0.1:8080/images/options/e81.jpg',56),(332,'http://127.0.0.1:8080/images/options/e82.jpg',56),(333,'http://127.0.0.1:8080/images/options/e83.jpg',56),(334,'http://127.0.0.1:8080/images/options/e84.jpg',56),(335,'http://127.0.0.1:8080/images/options/e85.jpg',56),(336,'http://127.0.0.1:8080/images/options/e86.jpg',56),(337,'http://127.0.0.1:8080/images/options/e91.jpg',57),(338,'http://127.0.0.1:8080/images/options/e92.jpg',57),(339,'http://127.0.0.1:8080/images/options/e93.jpg',57),(340,'http://127.0.0.1:8080/images/options/e94.jpg',57),(341,'http://127.0.0.1:8080/images/options/e95.jpg',57),(342,'http://127.0.0.1:8080/images/options/e96.jpg',57),(343,'http://127.0.0.1:8080/images/options/e101.jpg',58),(344,'http://127.0.0.1:8080/images/options/e102.jpg',58),(345,'http://127.0.0.1:8080/images/options/e103.jpg',58),(346,'http://127.0.0.1:8080/images/options/e104.jpg',58),(347,'http://127.0.0.1:8080/images/options/e105.jpg',58),(348,'http://127.0.0.1:8080/images/options/e106.jpg',58),(349,'http://127.0.0.1:8080/images/options/e111.jpg',59),(350,'http://127.0.0.1:8080/images/options/e112.jpg',59),(351,'http://127.0.0.1:8080/images/options/e113.jpg',59),(352,'http://127.0.0.1:8080/images/options/e114.jpg',59),(353,'http://127.0.0.1:8080/images/options/e115.jpg',59),(354,'http://127.0.0.1:8080/images/options/e116.jpg',59),(355,'http://127.0.0.1:8080/images/options/e121.jpg',60),(356,'http://127.0.0.1:8080/images/options/e122.jpg',60),(357,'http://127.0.0.1:8080/images/options/e123.jpg',60),(358,'http://127.0.0.1:8080/images/options/e124.jpg',60),(359,'http://127.0.0.1:8080/images/options/e125.jpg',60),(360,'http://127.0.0.1:8080/images/options/e126.jpg',60);

/*Table structure for table `q_record` */

DROP TABLE IF EXISTS `q_record`;

CREATE TABLE `q_record` (
  `rid` bigint(20) NOT NULL AUTO_INCREMENT,
  `rA` int(11) NOT NULL,
  `rB` int(11) NOT NULL,
  `rC` int(11) NOT NULL,
  `rD` int(11) NOT NULL,
  `rE` int(11) NOT NULL,
  `ruid` int(11) NOT NULL,
  `rtime` varchar(20) NOT NULL COMMENT '提交时间',
  `iqrank` varchar(20) NOT NULL COMMENT '智力等级',
  `iqrange` varchar(20) NOT NULL COMMENT '智力范围',
  `rcost` varchar(20) NOT NULL COMMENT '测试用时',
  PRIMARY KEY (`rid`),
  KEY `fk_ruid_uid` (`ruid`),
  CONSTRAINT `fk_ruid_uid` FOREIGN KEY (`ruid`) REFERENCES `t_user` (`uid`) ON DELETE CASCADE ON UPDATE CASCADE
) ENGINE=InnoDB AUTO_INCREMENT=1 DEFAULT CHARSET=utf8mb4;

/*Data for the table `q_record` */

/*Table structure for table `q_share_pic` */

DROP TABLE IF EXISTS `q_share_pic`;

CREATE TABLE `q_share_pic` (
  `qpid` int(11) NOT NULL AUTO_INCREMENT,
  `qpname` varchar(100) NOT NULL,
  PRIMARY KEY (`qpid`)
) ENGINE=InnoDB AUTO_INCREMENT=9 DEFAULT CHARSET=utf8mb4;

/*Data for the table `q_share_pic` */

insert  into `q_share_pic`(`qpid`,`qpname`) values (1,'http://127.0.0.1:8080/images/shares/share-chaoyou.png'),(2,'http://127.0.0.1:8080/images/shares/share-youxiu.png'),(3,'http://127.0.0.1:8080/images/shares/share-zhognshang.png'),(4,'http://127.0.0.1:8080/images/shares/share-zhongdeng.png'),(5,'http://127.0.0.1:8080/images/shares/share-zhongxia.png'),(6,'http://127.0.0.1:8080/images/shares/share-dineng.png'),(7,'http://127.0.0.1:8080/images/shares/share-quexian.png'),(8,'http://127.0.0.1:8080/images/shares/share-other.png');


/*Table structure for table `q_topic` */

DROP TABLE IF EXISTS `q_topic`;

CREATE TABLE `q_topic` (
  `qid` int(11) NOT NULL AUTO_INCREMENT,
  `qdes` varchar(100) NOT NULL,
  `qans` varchar(100) NOT NULL,
  `qtid` int(11) NOT NULL,
  PRIMARY KEY (`qid`),
  KEY `fk_qtid_tid` (`qtid`),
  CONSTRAINT `fk_qtid_tid` FOREIGN KEY (`qtid`) REFERENCES `q_type` (`tid`) ON DELETE CASCADE ON UPDATE CASCADE
) ENGINE=InnoDB AUTO_INCREMENT=61 DEFAULT CHARSET=utf8mb4;

/*Data for the table `q_topic` */

insert  into `q_topic`(`qid`,`qdes`,`qans`,`qtid`) values (1,'http://127.0.0.1:8080/images/questions/A1.jpg','http://127.0.0.1:8080/images/options/a13.jpg',1),(2,'http://127.0.0.1:8080/images/questions/A2.jpg','http://127.0.0.1:8080/images/options/a25.jpg',1),(3,'http://127.0.0.1:8080/images/questions/A3.jpg','http://127.0.0.1:8080/images/options/a31.jpg',1),(4,'http://127.0.0.1:8080/images/questions/A4.jpg','http://127.0.0.1:8080/images/options/a42.jpg',1),(5,'http://127.0.0.1:8080/images/questions/A5.jpg','http://127.0.0.1:8080/images/options/a56.jpg',1),(6,'http://127.0.0.1:8080/images/questions/A6.jpg','http://127.0.0.1:8080/images/options/a63.jpg',1),(7,'http://127.0.0.1:8080/images/questions/A7.jpg','http://127.0.0.1:8080/images/options/a76.jpg',1),(8,'http://127.0.0.1:8080/images/questions/A8.jpg','http://127.0.0.1:8080/images/options/a82.jpg',1),(9,'http://127.0.0.1:8080/images/questions/A9.jpg','http://127.0.0.1:8080/images/options/a91.jpg',1),(10,'http://127.0.0.1:8080/images/questions/A10.jpg','http://127.0.0.1:8080/images/options/a103.jpg',1),(11,'http://127.0.0.1:8080/images/questions/A11.jpg','http://127.0.0.1:8080/images/options/a114.jpg',1),(12,'http://127.0.0.1:8080/images/questions/A12.jpg','http://127.0.0.1:8080/images/options/a125.jpg',1),(13,'http://127.0.0.1:8080/images/questions/B1.jpg','http://127.0.0.1:8080/images/options/b12.jpg',2),(14,'http://127.0.0.1:8080/images/questions/B2.jpg','http://127.0.0.1:8080/images/options/b26.jpg',2),(15,'http://127.0.0.1:8080/images/questions/B3.jpg','http://127.0.0.1:8080/images/options/b31.jpg',2),(16,'http://127.0.0.1:8080/images/questions/B4.jpg','http://127.0.0.1:8080/images/options/b42.jpg',2),(17,'http://127.0.0.1:8080/images/questions/B5.jpg','http://127.0.0.1:8080/images/options/b51.jpg',2),(18,'http://127.0.0.1:8080/images/questions/B6.jpg','http://127.0.0.1:8080/images/options/b63.jpg',2),(19,'http://127.0.0.1:8080/images/questions/B7.jpg','http://127.0.0.1:8080/images/options/b75.jpg',2),(20,'http://127.0.0.1:8080/images/questions/B8.jpg','http://127.0.0.1:8080/images/options/b86.jpg',2),(21,'http://127.0.0.1:8080/images/questions/B9.jpg','http://127.0.0.1:8080/images/options/b94.jpg',2),(22,'http://127.0.0.1:8080/images/questions/B10.jpg','http://127.0.0.1:8080/images/options/b103.jpg',2),(23,'http://127.0.0.1:8080/images/questions/B11.jpg','http://127.0.0.1:8080/images/options/b114.jpg',2),(24,'http://127.0.0.1:8080/images/questions/B12.jpg','http://127.0.0.1:8080/images/options/b125.jpg',2),(25,'http://127.0.0.1:8080/images/questions/C1.jpg','http://127.0.0.1:8080/images/options/c16.jpg',3),(26,'http://127.0.0.1:8080/images/questions/C2.jpg','http://127.0.0.1:8080/images/options/c22.jpg',3),(27,'http://127.0.0.1:8080/images/questions/C3.jpg','http://127.0.0.1:8080/images/options/c33.jpg',3),(28,'http://127.0.0.1:8080/images/questions/C4.jpg','http://127.0.0.1:8080/images/options/c46.jpg',3),(29,'http://127.0.0.1:8080/images/questions/C5.jpg','http://127.0.0.1:8080/images/options/c56.jpg',3),(30,'http://127.0.0.1:8080/images/questions/C6.jpg','http://127.0.0.1:8080/images/options/c64.jpg',3),(31,'http://127.0.0.1:8080/images/questions/C7.jpg','http://127.0.0.1:8080/images/options/c75.jpg',3),(32,'http://127.0.0.1:8080/images/questions/C8.jpg','http://127.0.0.1:8080/images/options/c81.jpg',3),(33,'http://127.0.0.1:8080/images/questions/C9.jpg','http://127.0.0.1:8080/images/options/c96.jpg',3),(34,'http://127.0.0.1:8080/images/questions/C10.jpg','http://127.0.0.1:8080/images/options/c106.jpg',3),(35,'http://127.0.0.1:8080/images/questions/C11.jpg','http://127.0.0.1:8080/images/options/c111.jpg',3),(36,'http://127.0.0.1:8080/images/questions/C12.jpg','http://127.0.0.1:8080/images/options/c122.jpg',3),(37,'http://127.0.0.1:8080/images/questions/D1.jpg','http://127.0.0.1:8080/images/options/d13.jpg',4),(38,'http://127.0.0.1:8080/images/questions/D2.jpg','http://127.0.0.1:8080/images/options/d24.jpg',4),(39,'http://127.0.0.1:8080/images/questions/D3.jpg','http://127.0.0.1:8080/images/options/d33.jpg',4),(40,'http://127.0.0.1:8080/images/questions/D4.jpg','http://127.0.0.1:8080/images/options/d46.jpg',4),(41,'http://127.0.0.1:8080/images/questions/D5.jpg','http://127.0.0.1:8080/images/options/d56.jpg',4),(42,'http://127.0.0.1:8080/images/questions/D6.jpg','http://127.0.0.1:8080/images/options/d66.jpg',4),(43,'http://127.0.0.1:8080/images/questions/D7.jpg','http://127.0.0.1:8080/images/options/d75.jpg',4),(44,'http://127.0.0.1:8080/images/questions/D8.jpg','http://127.0.0.1:8080/images/options/d84.jpg',4),(45,'http://127.0.0.1:8080/images/questions/D9.jpg','http://127.0.0.1:8080/images/options/d91.jpg',4),(46,'http://127.0.0.1:8080/images/questions/D10.jpg','http://127.0.0.1:8080/images/options/d102.jpg',4),(47,'http://127.0.0.1:8080/images/questions/D11.jpg','http://127.0.0.1:8080/images/options/d115.jpg',4),(48,'http://127.0.0.1:8080/images/questions/D12.jpg','http://127.0.0.1:8080/images/options/d126.jpg',4),(49,'http://127.0.0.1:8080/images/questions/E1.jpg','http://127.0.0.1:8080/images/options/e14.jpg',5),(50,'http://127.0.0.1:8080/images/questions/E2.jpg','http://127.0.0.1:8080/images/options/e25.jpg',5),(51,'http://127.0.0.1:8080/images/questions/E3.jpg','http://127.0.0.1:8080/images/options/e31.jpg',5),(52,'http://127.0.0.1:8080/images/questions/E4.jpg','http://127.0.0.1:8080/images/options/e46.jpg',5),(53,'http://127.0.0.1:8080/images/questions/E5.jpg','http://127.0.0.1:8080/images/options/e52.jpg',5),(54,'http://127.0.0.1:8080/images/questions/E6.jpg','http://127.0.0.1:8080/images/options/e61.jpg',5),(55,'http://127.0.0.1:8080/images/questions/E7.jpg','http://127.0.0.1:8080/images/options/e73.jpg',5),(56,'http://127.0.0.1:8080/images/questions/E8.jpg','http://127.0.0.1:8080/images/options/e84.jpg',5),(57,'http://127.0.0.1:8080/images/questions/E9.jpg','http://127.0.0.1:8080/images/options/e96.jpg',5),(58,'http://127.0.0.1:8080/images/questions/E10.jpg','http://127.0.0.1:8080/images/options/e103.jpg',5),(59,'http://127.0.0.1:8080/images/questions/E11.jpg','http://127.0.0.1:8080/images/options/e115.jpg',5),(60,'http://127.0.0.1:8080/images/questions/E12.jpg','http://127.0.0.1:8080/images/options/e122.jpg',5);

/*Table structure for table `q_type` */

DROP TABLE IF EXISTS `q_type`;

CREATE TABLE `q_type` (
  `tid` int(11) NOT NULL AUTO_INCREMENT,
  `tname` varchar(10) NOT NULL,
  PRIMARY KEY (`tid`)
) ENGINE=InnoDB AUTO_INCREMENT=6 DEFAULT CHARSET=utf8mb4;

/*Data for the table `q_type` */

insert  into `q_type`(`tid`,`tname`) values (1,'A'),(2,'B'),(3,'C'),(4,'D'),(5,'E');

/*Table structure for table `t_user` */

DROP TABLE IF EXISTS `t_user`;

CREATE TABLE `t_user` (
  `uid` int(11) NOT NULL AUTO_INCREMENT,
  `onid` varchar(30) NOT NULL,
  PRIMARY KEY (`uid`)
) ENGINE=InnoDB AUTO_INCREMENT=1 DEFAULT CHARSET=utf8mb4;

/*Data for the table `t_user` */


/*!40101 SET SQL_MODE=@OLD_SQL_MODE */;
/*!40014 SET FOREIGN_KEY_CHECKS=@OLD_FOREIGN_KEY_CHECKS */;
/*!40014 SET UNIQUE_CHECKS=@OLD_UNIQUE_CHECKS */;
/*!40111 SET SQL_NOTES=@OLD_SQL_NOTES */;
